train_loss,val_loss,train_acc,val_acc,precision,recall,f1
0.7048213481903076,0.5722713470458984,0.9969452023506165,0.9969603419303894,0.0,0.0,0.0
0.692795991897583,0.5917997360229492,0.9969452023506165,0.9969603419303894,0.0,0.0,0.0
0.6318607330322266,0.6137225031852722,0.9889776110649109,0.9891636371612549,0.0492091388400703,0.14,0.07282184655396619
0.6074123382568359,0.6231222152709961,0.8461650013923645,0.8437466621398926,0.013418283618109856,0.695,0.026328250781323993
0.5681437849998474,0.6095635294914246,0.8033063411712646,0.8002036809921265,0.012868753762793499,0.855,0.025355871886120998
0.5252559185028076,0.5710189938545227,0.790270209312439,0.7869811654090881,0.012697516930022574,0.9,0.025041736227045076
0.4625668525695801,0.5125125646591187,0.7798519134521484,0.7766159772872925,0.012442830239440409,0.925,0.024555349084151846
0.39937952160835266,0.45614784955978394,0.7676554322242737,0.7640165686607361,0.012034383954154728,0.945,0.023766111285759197
0.3619233965873718,0.4050825536251068,0.8006163239479065,0.7989270091056824,0.014313403906366482,0.96,0.028206258263552223
0.3658710718154907,0.3477192223072052,0.8365103602409363,0.8342325687408447,0.017398359325700892,0.965,0.034180465775259
0.35329198837280273,0.29580116271972656,0.8566060662269592,0.8546894192695618,0.01940650990861485,0.945,0.0380319951705403
0.34438836574554443,0.25752729177474976,0.8690381050109863,0.8672127723693848,0.02098529906856694,0.935,0.041049281088793764
0.33665135502815247,0.23917153477668762,0.8782785534858704,0.8762405514717102,0.022484068774798607,0.935,0.043912175648702596
0.31782886385917664,0.23869256675243378,0.8805734515190125,0.8784899115562439,0.0226576852418861,0.925,0.04423191870890615
0.32123637199401855,0.2561798393726349,0.8722980618476868,0.8701308369636536,0.02144741369423099,0.935,0.04193295212467765
0.30970245599746704,0.2821545898914337,0.8599610328674316,0.8576682806015015,0.020207308135273792,0.965,0.03958568351963901
0.29486873745918274,0.31548818945884705,0.8472554087638855,0.844840943813324,0.018751803057986346,0.975,0.03679592414378715
0.2901257872581482,0.34913182258605957,0.8376730680465698,0.8350532650947571,0.017658245042108122,0.975,0.03468825046695722
0.2912989854812622,0.3734778165817261,0.8347436189651489,0.831983208656311,0.017341040462427744,0.975,0.03407601572739187
0.2940236032009125,0.3771873414516449,0.8405188918113708,0.8380929231643677,0.017983952780595776,0.975,0.035316490084216244
0.28001388907432556,0.35885995626449585,0.8532890677452087,0.8517257571220398,0.01960587170721898,0.975,0.038438793613246605
0.2720000445842743,0.3369913697242737,0.8648509979248047,0.8635348081588745,0.02126731377467554,0.975,0.04162664105027218
0.270938515663147,0.31897300481796265,0.8750869631767273,0.8739759922027588,0.02276480301958009,0.965,0.04448029499884767
0.2772149443626404,0.31427115201950073,0.8794602155685425,0.8784595131874084,0.023701893708002443,0.97,0.04627310673822302
0.2735816538333893,0.31187704205513,0.8798021674156189,0.8785355091094971,0.02371638141809291,0.97,0.046300715990453455
0.25568363070487976,0.2964895963668823,0.8831419348716736,0.8821678757667542,0.02443017252235235,0.97,0.04765999262989805
0.2571156919002533,0.27720531821250916,0.8884612321853638,0.8869401216506958,0.025311475409836064,0.965,0.04932907348242811
0.25572746992111206,0.25342056155204773,0.8982412219047546,0.8970165848731995,0.027450416786432882,0.955,0.0533668622520257
0.2485933154821396,0.2368757575750351,0.9078311920166016,0.9061659574508667,0.029458097038437304,0.935,0.05711667684789249
0.24833741784095764,0.2313329577445984,0.912667989730835,0.9107710123062134,0.030934656741108353,0.935,0.05988791032826261
0.244148388504982,0.2302711308002472,0.913933277130127,0.9122452139854431,0.031439139206455954,0.935,0.060832791151594026
0.2542598247528076,0.23452983796596527,0.9111747741699219,0.9092207551002502,0.03042134374491622,0.935,0.05892547660311958
0.25090494751930237,0.24269171059131622,0.9079148173332214,0.9063026905059814,0.029499921123205552,0.935,0.057195289799663554
0.23985426127910614,0.24866220355033875,0.9056084752082825,0.903916597366333,0.02922177791448785,0.95,0.05669949268874963
0.23973727226257324,0.25576305389404297,0.9027208685874939,0.9011505246162415,0.028708133971291867,0.96,0.05574912891986063
0.2481532096862793,0.2595103681087494,0.9015353918075562,0.8998130559921265,0.028056704075605433,0.95,0.05450372920252438
0.23286738991737366,0.24989904463291168,0.9043622612953186,0.9026095271110535,0.028840315725561626,0.95,0.055981143193871534
0.2396896779537201,0.23594538867473602,0.9089558720588684,0.9073665738105774,0.03012912482065997,0.945,0.05839641588135331
0.2257402241230011,0.22833465039730072,0.9122006893157959,0.9107102155685425,0.03122418635387411,0.945,0.0604509835279066
0.23424693942070007,0.2234869748353958,0.9150274991989136,0.9135978817939758,0.03191670933606418,0.935,0.061726357484733464
0.23057909309864044,0.22609436511993408,0.9158025979995728,0.9142209887504578,0.03214162942591956,0.935,0.062146892655367235
0.21859513223171234,0.22688442468643188,0.9158177971839905,0.9143881797790527,0.032202514206991564,0.935,0.062260695854836026
0.22210709750652313,0.22490327060222626,0.9157684445381165,0.9149353504180908,0.032565390611467175,0.94,0.06294994140298008
0.2219744175672531,0.22359426319599152,0.9165967106819153,0.9156800508499146,0.03300733496332518,0.945,0.06378670266621668
0.22657111287117004,0.2270963191986084,0.9159888029098511,0.9148745536804199,0.03270462017650112,0.945,0.06322127446061214
0.2341032773256302,0.23112672567367554,0.9152060747146606,0.9136130809783936,0.03240109140518418,0.95,0.06266490765171505
0.22009757161140442,0.23204991221427917,0.9135115146636963,0.9118956923484802,0.03194514132798127,0.955,0.06182230134325943
0.21623072028160095,0.23205538094043732,0.9124134182929993,0.9108014106750488,0.031565030573458934,0.955,0.06111022236442169
0.21726536750793457,0.2324349731206894,0.9126034379005432,0.9110901951789856,0.031819688432217434,0.96,0.061597690086621755
0.22043925523757935,0.22851693630218506,0.9140700101852417,0.9127163887023926,0.03239412856419774,0.96,0.06267341276317936
0.20977170765399933,0.21640171110630035,0.9178885817527771,0.9165919423103333,0.03368606701940035,0.955,0.06507666098807495
0.21243026852607727,0.20391054451465607,0.9216538667678833,0.920573890209198,0.03514613392526822,0.95,0.06778451658936853
0.21936745941638947,0.19924035668373108,0.9234586358070374,0.9222760796546936,0.035889686437476385,0.95,0.0691663633054241
0.21477580070495605,0.2001243531703949,0.923006534576416,0.9216833710670471,0.035801312089971886,0.955,0.06901535682023488
0.21251431107521057,0.1990354061126709,0.9234054684638977,0.9220176935195923,0.03594955768868812,0.955,0.06929076727734444
0.2087542861700058,0.1966761201620102,0.9246745109558105,0.9235983490943909,0.036489341271365466,0.95,0.07027926761605326
0.201209157705307,0.19006381928920746,0.9272125959396362,0.9262580275535583,0.037758346581876,0.95,0.07262996941896024
0.20805254578590393,0.17785659432411194,0.932429313659668,0.9313342571258545,0.04024701873935264,0.945,0.07720588235294117
0.21082140505313873,0.17396432161331177,0.9352067708969116,0.9340547323226929,0.04184193048483507,0.945,0.08013567945728217
0.20350226759910583,0.17799541354179382,0.9350661635398865,0.933993935585022,0.0418049104180491,0.945,0.0800677822495234
0.21530519425868988,0.18193265795707703,0.9339339137077332,0.9328996539115906,0.041149575440888306,0.945,0.07886501147506782
0.20525677502155304,0.18741543591022491,0.932212769985199,0.9306047558784485,0.039451476793248945,0.935,0.07570850202429151
0.1973123550415039,0.1937127262353897,0.9305105805397034,0.9290696978569031,0.03881891389634524,0.94,0.07455879436843148
0.2038155198097229,0.20062634348869324,0.9274671673774719,0.9257717132568359,0.037337020940339784,0.945,0.07183580387685291
0.20281831920146942,0.20380854606628418,0.9257231950759888,0.9240542650222778,0.03670079196445818,0.95,0.0706713780918728
0.20304210484027863,0.19962231814861298,0.9268060326576233,0.9253461360931396,0.037495092265410285,0.955,0.07215715904797884
0.20147213339805603,0.19359038770198822,0.9293023347854614,0.9277170896530151,0.03867962737950587,0.955,0.07434799532892176
0.1968003809452057,0.1871454268693924,0.9302104115486145,0.9286593794822693,0.038982355354944605,0.95,0.07489160425699645
0.1892831027507782,0.18217650055885315,0.9314870238304138,0.9296472668647766,0.03950925348305261,0.95,0.07586344579756439
0.1963883340358734,0.18228033185005188,0.9317378401756287,0.9299359917640686,0.039858096828046745,0.955,0.07652243589743589
0.19405710697174072,0.18628472089767456,0.929978609085083,0.9283097982406616,0.038987548479281486,0.955,0.07491665032359286
0.19490419328212738,0.18834228813648224,0.9287095665931702,0.9270939230918884,0.03836111669009842,0.955,0.07375941301409539
0.19487687945365906,0.19624128937721252,0.9269503951072693,0.9253613352775574,0.037502454349106616,0.955,0.07217079161156244
0.18518082797527313,0.19964471459388733,0.9267832636833191,0.9251789450645447,0.03741429970617042,0.955,0.07200754005655041
0.19430965185165405,0.19144423305988312,0.9304535984992981,0.9293128848075867,0.03951996689426857,0.955,0.07589906616332208
0.18550355732440948,0.18299169838428497,0.9333184361457825,0.931926965713501,0.040781283537239754,0.95,0.0782053920559786
0.20182369649410248,0.18217061460018158,0.9338351488113403,0.9327325224876404,0.041449652777777776,0.955,0.07945091514143093
0.18114612996578217,0.18564896285533905,0.9336375594139099,0.9325957298278809,0.04136885423435131,0.955,0.07930247041727216
0.18902453780174255,0.1922254115343094,0.932391345500946,0.9313190579414368,0.04062965326526271,0.955,0.07794327688226892
0.18648414313793182,0.19238190352916718,0.9324179291725159,0.931471049785614,0.04071626518865913,0.955,0.07810263749744428
0.1933792531490326,0.18796461820602417,0.9348116517066956,0.9337659478187561,0.0420704845814978,0.955,0.08059071729957806
0.18068091571331024,0.1892370581626892,0.9358336925506592,0.9350274205207825,0.04285393762620597,0.955,0.08202705604466395
0.17885801196098328,0.1901019662618637,0.936540424823761,0.9353162050247192,0.043037404236142406,0.955,0.08236308753773178
0.18033504486083984,0.1848086416721344,0.9377714395523071,0.9365472793579102,0.043837502868946526,0.955,0.0838270792187843
0.1813938170671463,0.1727999895811081,0.940450131893158,0.9388269782066345,0.04518430439952437,0.95,0.08626560726447219
0.1807362139225006,0.1680823117494583,0.9406400918960571,0.9390549659729004,0.045346062052505964,0.95,0.08656036446469248
0.17827056348323822,0.17074814438819885,0.9393292665481567,0.9378238916397095,0.04448606883633809,0.95,0.08499217177365243
0.17849060893058777,0.18086077272891998,0.9363086223602295,0.9346323013305664,0.042605398170867725,0.955,0.0815716421097587
0.17935599386692047,0.18803900480270386,0.9341011047363281,0.9322461485862732,0.041163793103448275,0.955,0.07892561983471075
0.18481415510177612,0.1898803412914276,0.9338503479957581,0.932367742061615,0.04123488773747841,0.955,0.07905629139072848
0.18095728754997253,0.18673361837863922,0.9349939823150635,0.9333100318908691,0.04179431072210066,0.955,0.080083857442348
0.1902179718017578,0.1887279748916626,0.9352865815162659,0.9334012269973755,0.04164839982463832,0.95,0.07979840403191936
0.18141834437847137,0.1928994208574295,0.9331284165382385,0.931471049785614,0.04052036681595223,0.95,0.07772550623849457
0.17768622934818268,0.19725923240184784,0.9299824237823486,0.9284921884536743,0.038894575230296824,0.95,0.07472959685349065
0.174995556473732,0.20282573997974396,0.9269807934761047,0.9254677295684814,0.037372147915027534,0.95,0.07191521574564723
0.17753835022449493,0.20877620577812195,0.9259701371192932,0.9244190454483032,0.03705140640155189,0.955,0.07133520074696545
0.18264240026474,0.2055012434720993,0.929081916809082,0.9274891018867493,0.0383760856392648,0.95,0.07377208309066202
0.1859516203403473,0.1948581039905548,0.933181643486023,0.9310150742530823,0.040067839728641086,0.945,0.07687614399023796
0.17517134547233582,0.1816801130771637,0.9370875358581543,0.9349210262298584,0.042171377299237325,0.94,0.08072133963074281
0.1704544574022293,0.17388255894184113,0.9390708804130554,0.9371399879455566,0.04359925788497217,0.94,0.08333333333333331
0.16992872953414917,0.17363403737545013,0.9389569163322449,0.9374439716339111,0.04380242311276794,0.94,0.08370436331255567
0.17140428721904755,0.17821158468723297,0.9369659423828125,0.9357113242149353,0.04308390022675737,0.95,0.0824295010845987
0.16935476660728455,0.1840851753950119,0.9353815317153931,0.93370521068573,0.041831792162043156,0.95,0.08013496415014763
0.17840608954429626,0.19000864028930664,0.9346254467964172,0.9326565265655518,0.04100672597092645,0.945,0.07860262008733626
0.1682981252670288,0.19167524576187134,0.9350699782371521,0.9331276416778564,0.04128440366972477,0.945,0.07911259941398076
0.166657492518425,0.1850646436214447,0.9378208518028259,0.9361521005630493,0.0431605389358301,0.945,0.08255077527844508
0.1667018085718155,0.1757073849439621,0.9410010576248169,0.9393741488456726,0.0449195291856834,0.935,0.0857208342883337
0.17159268260002136,0.16846904158592224,0.9429957866668701,0.9411371350288391,0.046431217584588784,0.94,0.08849140974346904
0.16338574886322021,0.16246917843818665,0.9440368413925171,0.9422466158866882,0.047283702213279676,0.94,0.09003831417624521
0.1671338826417923,0.1616799682378769,0.9431439638137817,0.9416082501411438,0.0467894474863116,0.94,0.08914177335229967
0.17094382643699646,0.1720491647720337,0.9399144053459167,0.9382798671722412,0.04437101722917158,0.94,0.08474194275411313
0.1724449098110199,0.18937571346759796,0.9354841113090515,0.9339027404785156,0.04195186575402959,0.95,0.08035525481074222
0.16181518137454987,0.20003648102283478,0.9318214058876038,0.9304831624031067,0.0403530895334174,0.96,0.07745058491327148
0.1694270521402359,0.1982146054506302,0.9306701421737671,0.9291456937789917,0.039430222956234516,0.955,0.07573354480570975
0.16533876955509186,0.18627332150936127,0.9345912337303162,0.9333860278129578,0.04143828107871081,0.945,0.07939508506616257
0.1579904854297638,0.17053112387657166,0.9411454200744629,0.9396324753761292,0.04466441332689522,0.925,0.08521418701059419
0.15863333642482758,0.1586448699235916,0.9461303949356079,0.9442527890205383,0.04820218863991663,0.925,0.09162951956414067
0.17218418419361115,0.15169380605220795,0.9481099247932434,0.9461981654167175,0.04986522911051213,0.925,0.09462915601023018
0.18148857355117798,0.15371663868427277,0.9468029141426086,0.9455749988555908,0.049079754601226995,0.92,0.09318814889845531
0.1716943383216858,0.16197168827056885,0.944097638130188,0.9432345032691956,0.04737516005121639,0.925,0.09013398294762485
0.1692790538072586,0.17063018679618835,0.9411758184432983,0.9403316378593445,0.04583130180399805,0.94,0.08740120874012086
0.16592273116111755,0.17489248514175415,0.9390822649002075,0.938127875328064,0.044266541087826704,0.94,0.084551382954801
0.16381558775901794,0.16831418871879578,0.9399904012680054,0.9390853643417358,0.044933078393881457,0.94,0.08576642335766424
0.1715707778930664,0.1592363715171814,0.9430831670761108,0.9418818354606628,0.04677338669334667,0.935,0.08909004287756074
0.1669168919324875,0.15456727147102356,0.9456896781921387,0.9440248012542725,0.04824902723735409,0.93,0.09173859432799014
0.16506005823612213,0.15693512558937073,0.9454730749130249,0.9438728094100952,0.048357900181018876,0.935,0.09195967543643964
0.16601158678531647,0.1586512178182602,0.9449031352996826,0.9433560967445374,0.04770453962554501,0.93,0.09075384240058551
0.1721239984035492,0.1604647934436798,0.9440178871154785,0.9425202012062073,0.04704097116843703,0.93,0.08955223880597014
0.15886978805065155,0.1621490716934204,0.9434935450553894,0.9417754411697388,0.046465151136647516,0.93,0.08850820842255533
0.16526219248771667,0.16937756538391113,0.9409896731376648,0.9390093684196472,0.044444444444444446,0.93,0.08483466362599773
0.16774098575115204,0.17089028656482697,0.9395648241043091,0.9377174973487854,0.04377340823970038,0.935,0.0836314847942755
0.1689891666173935,0.16433978080749512,0.939948558807373,0.9381734728813171,0.04408297972654408,0.935,0.08419630796938317
0.16319695115089417,0.15416447818279266,0.9420763254165649,0.9406203627586365,0.04604457506735244,0.94,0.08778893299089424
0.17208710312843323,0.14762532711029053,0.9447891712188721,0.9433864951133728,0.04772902232486528,0.93,0.09079814498413473
0.16743238270282745,0.1478603184223175,0.9462899565696716,0.9444959759712219,0.04864016736401674,0.93,0.09244532803180915
0.1580742597579956,0.15314513444900513,0.9459518194198608,0.944161593914032,0.0483619344773791,0.93,0.09194265941670786
0.15874004364013672,0.1595136523246765,0.944705605506897,0.9428849220275879,0.04755849440488301,0.935,0.09051306873184899
0.16696806252002716,0.16630801558494568,0.942471444606781,0.9408331513404846,0.04597983771821982,0.935,0.08764940239043825
0.16059836745262146,0.17631734907627106,0.9382197856903076,0.9366384744644165,0.04305779415150818,0.935,0.08232445520581115
0.15304577350616455,0.18385544419288635,0.9349825978279114,0.9333252310752869,0.04120096427788735,0.94,0.0789418433760235
0.165521040558815,0.191547691822052,0.9320569634437561,0.9301183819770813,0.03976559229803265,0.95,0.07633587786259542
0.15299656987190247,0.19073519110679626,0.9317036271095276,0.9300879836082458,0.0397489539748954,0.95,0.07630522088353413
0.1539517641067505,0.18504519760608673,0.9326990842819214,0.9314254522323608,0.040690242863229656,0.955,0.07805476093175318
0.16046373546123505,0.17721183598041534,0.9347736239433289,0.9336748123168945,0.0420149582050154,0.955,0.08048883270122208
0.1591450572013855,0.1726100742816925,0.9371217489242554,0.9358785152435303,0.043191634462377816,0.95,0.08262665796912373
0.16248781979084015,0.17164115607738495,0.9380336403846741,0.9368512034416199,0.04382929642445214,0.95,0.08379272326350608
0.14841091632843018,0.1721545308828354,0.9376840591430664,0.9365472793579102,0.04362801377726751,0.95,0.08342480790340286
0.15502382814884186,0.17454113066196442,0.9371863007545471,0.9359849095344543,0.04326047358834244,0.95,0.0827526132404181
0.1551523506641388,0.17647208273410797,0.9370647668838501,0.935893714427948,0.04320145520691223,0.95,0.08264462809917356
0.1517314612865448,0.1785707026720047,0.9367873668670654,0.9356809854507446,0.04306436990027199,0.95,0.08239375542064181
0.15199461579322815,0.18079635500907898,0.9367645978927612,0.9357113242149353,0.04308390022675737,0.95,0.0824295010845987
0.14960309863090515,0.1813226342201233,0.936886191368103,0.9352858066558838,0.04281207751239297,0.95,0.08193186718413109
0.16519686579704285,0.18800625205039978,0.9347280263900757,0.9333252310752869,0.04160280271513028,0.95,0.07971470526536606
0.1512543112039566,0.18583589792251587,0.9357120990753174,0.9340547323226929,0.042247290422472904,0.955,0.08091506036856598
0.15630586445331573,0.1794120818376541,0.9374560713768005,0.936167299747467,0.04358740301232314,0.955,0.08336970755128764
0.157863587141037,0.17143996059894562,0.9400017857551575,0.9394045472145081,0.04581434396737827,0.955,0.08743419546807049
0.1503886729478836,0.16838373243808746,0.9409820437431335,0.9404076337814331,0.04633016337478664,0.95,0.08835154615205766
0.15608660876750946,0.1673043966293335,0.941251814365387,0.9408483505249023,0.046660117878192534,0.95,0.08895131086142322
0.15847715735435486,0.16766074299812317,0.9413353800773621,0.9406507611274719,0.046289493019838354,0.945,0.08825589540042027
0.153432235121727,0.16478848457336426,0.9415102005004883,0.9405292272567749,0.04642071829953579,0.95,0.08851618914511995
0.14952868223190308,0.15873095393180847,0.9420269131660461,0.9410003423690796,0.04677498769079271,0.95,0.08916001877053027
0.15539367496967316,0.1565723568201065,0.9420345425605774,0.9408027529716492,0.046403142646697766,0.945,0.088462438567751
0.15014567971229553,0.1612885743379593,0.9409098625183105,0.9396628737449646,0.045344910757356485,0.94,0.08651633686148182
0.15254878997802734,0.16482950747013092,0.9399409890174866,0.9384318590164185,0.04447598769813106,0.94,0.08493336345154731
0.14800553023815155,0.16077618300914764,0.9413657784461975,0.9397084712982178,0.045158174354020766,0.935,0.08615526376410965
0.14671415090560913,0.153165802359581,0.9433111548423767,0.9418362379074097,0.04673831542114471,0.935,0.08902642228040943
0.1494351327419281,0.15006940066814423,0.9443180561065674,0.9427481293678284,0.0474498858157828,0.935,0.09031634870804155
0.14960911870002747,0.15354250371456146,0.944025456905365,0.9425657391548157,0.047763457164518575,0.945,0.09093095982679816
0.1455857902765274,0.15854938328266144,0.9435201287269592,0.9419730305671692,0.0472972972972973,0.945,0.09008579599618685
0.14372020959854126,0.15704354643821716,0.9439076781272888,0.9425202012062073,0.04772727272727273,0.945,0.09086538461538463
0.1529015600681305,0.15502020716667175,0.9446219801902771,0.9433560967445374,0.048399487836107556,0.945,0.09208282582216809
0.15589383244514465,0.15526318550109863,0.94536292552948,0.9436752200126648,0.048195876288659796,0.935,0.09166666666666667
0.15563365817070007,0.1549529731273651,0.9458112120628357,0.944161593914032,0.0485966735966736,0.935,0.0923913043478261
0.14418217539787292,0.15206676721572876,0.9462558031082153,0.9447847008705139,0.049120042027843445,0.935,0.09333666084352382
0.14718538522720337,0.1491132527589798,0.9466965198516846,0.9455597996711731,0.049547149706979224,0.93,0.09408194233687404
0.14353257417678833,0.1465066522359848,0.9470309019088745,0.9455294013023376,0.04928076718167288,0.925,0.09357612544258978
0.1445050984621048,0.14631228148937225,0.9465331435203552,0.9451342821121216,0.04941860465116279,0.935,0.09387550200803212
0.14364609122276306,0.1457260549068451,0.9461494088172913,0.9443439841270447,0.04874869655891554,0.935,0.09266600594648167
0.14893147349357605,0.14486174285411835,0.9461342096328735,0.9445111751556396,0.04888888888888889,0.935,0.0929192546583851
0.13935115933418274,0.14431218802928925,0.9453552961349487,0.9437056183815002,0.04845360824742268,0.94,0.09215686274509803
0.1361428201198578,0.14293156564235687,0.9453743100166321,0.9441159963607788,0.0490272373540856,0.945,0.09321824907521578
0.14178530871868134,0.14504703879356384,0.9451425075531006,0.9438728094100952,0.048824593128390596,0.945,0.09285187914517316
0.13958489894866943,0.14656922221183777,0.9449715614318848,0.9435840249061584,0.04858611825192802,0.945,0.09242053789731051
0.14037275314331055,0.14834757149219513,0.9444851875305176,0.9432953000068665,0.04834996162701458,0.945,0.09199318568994891
0.14875304698944092,0.1457129716873169,0.9463507533073425,0.9455446004867554,0.05001330140994945,0.94,0.09497347815104824
0.1501845121383667,0.14699788391590118,0.9474374651908875,0.9460005760192871,0.050174403005097935,0.935,0.09523809523809523
0.1470814347267151,0.14937640726566315,0.9481213688850403,0.9464413523674011,0.05056787452677123,0.935,0.09594663930220626
0.14089304208755493,0.1521720141172409,0.9476578235626221,0.9460005760192871,0.04993288590604027,0.93,0.09477707006369426
0.1453375518321991,0.15229447185993195,0.947350025177002,0.9457421898841858,0.049706039551042226,0.93,0.09436834094368342
0.15194885432720184,0.154794842004776,0.9462215900421143,0.944617509841919,0.04897852278679937,0.935,0.09308113489298157
0.13914556801319122,0.16019207239151,0.943151593208313,0.941927433013916,0.047035276457343005,0.94,0.08958780081010245
0.14804555475711823,0.16489340364933014,0.940522313117981,0.9391613602638245,0.0449868389566882,0.94,0.08586435259191597
0.139689102768898,0.16799215972423553,0.9385085701942444,0.9377782940864563,0.04424157303370786,0.945,0.08452593917710195
0.1362108290195465,0.17091558873653412,0.9369469285011292,0.9358329176902771,0.042746703046839474,0.94,0.08177468464549804
0.14422546327114105,0.1723259836435318,0.9370951652526855,0.9360001087188721,0.0430622009569378,0.945,0.08237088690346481
0.13377799093723297,0.16953657567501068,0.9390518665313721,0.9377782940864563,0.04424157303370786,0.945,0.08452593917710195
0.15102112293243408,0.16174112260341644,0.9426956176757812,0.9413803219795227,0.046615422762211756,0.94,0.08882589180250414
0.136862114071846,0.15004068613052368,0.9461228251457214,0.9448758959770203,0.048960252698078445,0.93,0.09302325581395349
0.14896762371063232,0.1416877806186676,0.9491168260574341,0.9473228454589844,0.05063291139240506,0.92,0.09598330725091288
0.15210884809494019,0.14198407530784607,0.9496335387229919,0.9479915499687195,0.05125348189415042,0.92,0.09709762532981529
0.14748142659664154,0.14778713881969452,0.9482923150062561,0.9468060731887817,0.05016357688113413,0.92,0.0951396070320579
0.14090804755687714,0.15196914970874786,0.94672691822052,0.945331871509552,0.049349960201645,0.93,0.09372637944066516
0.15884268283843994,0.15426485240459442,0.9453666806221008,0.9440096020698547,0.04870466321243523,0.94,0.09261083743842363
0.14540797472000122,0.15480343997478485,0.9449373483657837,0.9435080885887146,0.04829180580529155,0.94,0.09186415831908136
0.13610954582691193,0.15477538108825684,0.9452261328697205,0.9435232877731323,0.048304213771839674,0.94,0.09188660801564028
0.14089423418045044,0.1564193069934845,0.9451805353164673,0.9435840249061584,0.04835390946502058,0.94,0.09197651663405089
0.1412997990846634,0.1559581756591797,0.9448043704032898,0.9432953000068665,0.04788732394366197,0.935,0.09110840438489647
0.1384589523077011,0.1526862531900406,0.9443142414093018,0.9428545236587524,0.04753431621759024,0.935,0.09046927914852444
0.14035937190055847,0.15004511177539825,0.9438241124153137,0.9423986077308655,0.04717457114026236,0.935,0.08981748318924111
0.13134445250034332,0.14792093634605408,0.9437252879142761,0.9424442052841187,0.04721030042918455,0.935,0.08988223984619083
0.14778992533683777,0.15128503739833832,0.9420573115348816,0.9410459399223328,0.046362515413070286,0.94,0.08836662749706228
0.1404706984758377,0.15025384724140167,0.9410580396652222,0.9402100443840027,0.045963035019455256,0.945,0.08766233766233768
0.13480129837989807,0.13781239092350006,0.9437747001647949,0.9426721334457397,0.047389761784085147,0.935,0.09020742884708152
0.1347062885761261,0.12479454278945923,0.9478098154067993,0.9464413523674011,0.05056787452677123,0.935,0.09594663930220626
0.14710015058517456,0.12386906892061234,0.9497095346450806,0.9477787613868713,0.05155210643015521,0.93,0.0976890756302521
0.13878478109836578,0.13209405541419983,0.9492270350456238,0.9479763507843018,0.051738525730180805,0.93,0.09802371541501975
0.14402540028095245,0.1452389806509018,0.9474184513092041,0.9457725882530212,0.049491706795077584,0.925,0.09395632300660234
0.13616222143173218,0.15235693752765656,0.9463735818862915,0.9447695016860962,0.048870204939569103,0.93,0.09286070893659512
0.14494189620018005,0.1583082526922226,0.9447891712188721,0.9431889057159424,0.04780163599182004,0.935,0.0909533073929961
0.13612529635429382,0.1566053032875061,0.9441584348678589,0.9426721334457397,0.047389761784085147,0.935,0.09020742884708152
0.13293927907943726,0.15061984956264496,0.944682776927948,0.9431433081626892,0.04776500638569604,0.935,0.09088699878493318
0.13846467435359955,0.14313197135925293,0.9460620284080505,0.944723904132843,0.04906848596168985,0.935,0.09324358015457493
0.13053394854068756,0.132777139544487,0.9483644962310791,0.9468668699264526,0.050953678474114444,0.935,0.09664082687338502
0.131997749209404,0.12444381415843964,0.950108528137207,0.9485538601875305,0.05229125667697498,0.93,0.09901517167953154
0.1368609219789505,0.12023230642080307,0.9514801502227783,0.9499065279960632,0.053375649163300634,0.925,0.10092744135297327
0.13603109121322632,0.12080322206020355,0.9518182873725891,0.9505144357681274,0.05425904317386231,0.93,0.10253583241455348
0.13634143769741058,0.12433625012636185,0.9511913657188416,0.9502713084220886,0.05400696864111498,0.93,0.10208562019758508
0.13212081789970398,0.133164182305336,0.9488774538040161,0.9479003548622131,0.051666666666666666,0.93,0.09789473684210527
0.13975059986114502,0.14284902811050415,0.945685863494873,0.9448758959770203,0.048960252698078445,0.93,0.09302325581395349
0.13251465559005737,0.14508165419101715,0.9444206357002258,0.9432497024536133,0.047619047619047616,0.93,0.09059912323429127
0.1306297332048416,0.14402586221694946,0.9442724585533142,0.9430065155029297,0.04742478327383988,0.93,0.09024745269286755
0.1365429013967514,0.14318345487117767,0.9445725679397583,0.9430825114250183,0.047485320398263975,0.93,0.09035705610881709
0.13228391110897064,0.14390738308429718,0.9446333646774292,0.9431585073471069,0.04754601226993865,0.93,0.09046692607003892
0.12968464195728302,0.14616765081882477,0.9441660642623901,0.9427025318145752,0.0471841704718417,0.93,0.08981168517624334
0.131144717335701,0.14963199198246002,0.9431971907615662,0.941760241985321,0.046453546453546456,0.93,0.0884871550903901
0.13355475664138794,0.1518901139497757,0.9437822699546814,0.9428089261054993,0.04726810673443456,0.93,0.08996372430471583
0.1321670264005661,0.15360264480113983,0.9440026879310608,0.9432193040847778,0.04759467758444217,0.93,0.09055501460564752
0.13114561140537262,0.15424861013889313,0.9439874887466431,0.9434016942977905,0.047741273100616016,0.93,0.0908203125
0.14269660413265228,0.1528874635696411,0.9454768896102905,0.944556713104248,0.04869109947643979,0.93,0.09253731343283582
0.1357606053352356,0.15031413733959198,0.9467155337333679,0.9456357955932617,0.04961323019471859,0.93,0.09420106356039502
0.1350143849849701,0.1497945636510849,0.947110652923584,0.9459549784660339,0.049892703862660946,0.93,0.09470468431771895
0.13086558878421783,0.14949335157871246,0.9473348259925842,0.9460157752037048,0.04994629430719656,0.93,0.09480122324159022
0.12578372657299042,0.14505094289779663,0.9482049345970154,0.9471708536148071,0.05098684210526316,0.93,0.09667359667359668
0.13416717946529388,0.14054010808467865,0.949249804019928,0.9481435418128967,0.05164712451144612,0.925,0.0978318350079323
0.12845057249069214,0.13569094240665436,0.9508113861083984,0.9495113492012024,0.05297823596792669,0.925,0.10021668472372697
0.1272253692150116,0.1300085186958313,0.9530417323112488,0.9515479207038879,0.055092316855270995,0.925,0.10399100618324902
0.13337914645671844,0.1247262954711914,0.9542879462242126,0.9525966048240662,0.05597809552783693,0.92,0.10553484370519071
0.12567010521888733,0.11870069056749344,0.9560813307762146,0.9545875787734985,0.05802155992390615,0.915,0.10912343470483006
0.14001037180423737,0.11764403432607651,0.9568830728530884,0.9554994702339172,0.05914673561732385,0.915,0.11111111111111112
0.13388843834400177,0.12035036087036133,0.9564992785453796,0.9547243714332581,0.05790645879732739,0.91,0.10888423571642238
0.12980905175209045,0.12064094096422195,0.95644611120224,0.954891562461853,0.058391831525207404,0.915,0.10977804439112177
0.13674096763134003,0.11904893815517426,0.9571186304092407,0.9552411437034607,0.058823529411764705,0.915,0.11054062216852914
0.13357262313365936,0.11770123988389969,0.9575099945068359,0.955955445766449,0.05943827563683867,0.91,0.11158798283261803
0.12287198752164841,0.11951183527708054,0.9569210410118103,0.9553930759429932,0.058728622136172956,0.91,0.11033646559563504
0.12939143180847168,0.12522049248218536,0.9548997282981873,0.9532957673072815,0.05622489959839357,0.91,0.10590631364562117
0.12820802628993988,0.1308886557817459,0.9529809355735779,0.9515479207038879,0.054827175208581644,0.92,0.10348706411698538
0.1390019804239273,0.13309705257415771,0.9529087543487549,0.9516391158103943,0.05439330543933055,0.91,0.1026508742244783
0.12883581221103668,0.13285163044929504,0.9533115029335022,0.9520038962364197,0.05451807228915663,0.905,0.1028409090909091
0.12286046892404556,0.13110074400901794,0.953015148639679,0.9517455101013184,0.05450733752620545,0.91,0.10285391353489687
0.12890253961086273,0.12890596687793732,0.9528631567955017,0.9515935182571411,0.05487623024157471,0.92,0.10357444413171968
0.1311132311820984,0.13032785058021545,0.9525060057640076,0.9512135982513428,0.054206161137440756,0.915,0.10234899328859061
0.12731578946113586,0.13679948449134827,0.9512977600097656,0.9497849345207214,0.05273775216138329,0.915,0.0997275204359673
0.13070955872535706,0.14641323685646057,0.9484633207321167,0.9466844797134399,0.050543478260869565,0.93,0.09587628865979382
0.1349291354417801,0.15213918685913086,0.9468446969985962,0.944723904132843,0.04906848596168985,0.935,0.09324358015457493
0.1276259571313858,0.1508149653673172,0.9471790790557861,0.9453014731407166,0.049323786793953855,0.93,0.09367917401158397
0.12763449549674988,0.14797033369541168,0.9481289386749268,0.9462893605232239,0.05018888289260658,0.93,0.09523809523809523
0.12584668397903442,0.1396370381116867,0.9506974220275879,0.9489946365356445,0.05272108843537415,0.93,0.09978540772532189
0.13303200900554657,0.13064704835414886,0.9533761143684387,0.9517455101013184,0.0550403828896201,0.92,0.1038667795653401
0.13442885875701904,0.12407668679952621,0.9550136923789978,0.953447699546814,0.05722239406124343,0.925,0.1077774541217594
0.13613075017929077,0.12048449367284775,0.9552720785140991,0.9539644718170166,0.0578305720537668,0.925,0.10885554574874962
0.13110867142677307,0.12034965306520462,0.9546413421630859,0.9530829787254333,0.057072721693771096,0.93,0.10754553339115351
0.1290368139743805,0.12471559643745422,0.9529087543487549,0.951259195804596,0.05478235119928931,0.925,0.10343863572826391
0.13203345239162445,0.13147783279418945,0.9514041543006897,0.9500889182090759,0.05381944444444445,0.93,0.10175054704595186
0.12335129827260971,0.1352272480726242,0.9505188465118408,0.9491466283798218,0.05261660978384528,0.925,0.09956942949407967
0.13112220168113708,0.13667826354503632,0.9501312971115112,0.9484930634498596,0.051980893509412755,0.925,0.09843043362596435
0.12571680545806885,0.13464383780956268,0.9502642750740051,0.9490098357200623,0.0524822695035461,0.925,0.09932885906040269
0.127825528383255,0.1292010396718979,0.951567530632019,0.9505144357681274,0.05399883245767659,0.925,0.1020408163265306
0.12569455802440643,0.12537620961666107,0.9529467225074768,0.9519127011299133,0.05548890221955609,0.925,0.10469722693831353
0.12557479739189148,0.12221016734838486,0.9540486335754395,0.9525358080863953,0.05591005773321179,0.92,0.10541392151246061
0.13166771829128265,0.12194277346134186,0.9541170001029968,0.952718198299408,0.05611466910643489,0.92,0.10577752227651624
0.12006572633981705,0.11811619251966476,0.9552796483039856,0.9537972807884216,0.0570804741110418,0.915,0.10745742806811509
0.12576629221439362,0.11722803115844727,0.9562295079231262,0.9546331763267517,0.057796125754207686,0.91,0.10868916094356525
0.12476158142089844,0.11964254826307297,0.9557774066925049,0.9543595910072327,0.057467634985790966,0.91,0.1081081081081081
0.12177268415689468,0.12115371972322464,0.955693781375885,0.9544963836669922,0.058191018342821,0.92,0.10945865556216537
0.12507429718971252,0.1255943477153778,0.9546565413475037,0.9534173011779785,0.0571870170015456,0.925,0.10771470160116449
0.13235677778720856,0.12906292080879211,0.9539194107055664,0.9527789950370789,0.056454073848031736,0.925,0.10641357492090883
0.11784770339727402,0.1292443722486496,0.9538776278495789,0.9526270031929016,0.05628232430787952,0.925,0.10610840263837108
0.12109372019767761,0.13061977922916412,0.9533457159996033,0.9519127011299133,0.05548890221955609,0.925,0.10469722693831353
0.12843209505081177,0.13665558397769928,0.9519398808479309,0.9505296349525452,0.054534849810440364,0.935,0.1030586938550565
0.125943124294281,0.1427224725484848,0.9499261379241943,0.9485538601875305,0.05254284911491992,0.935,0.09949454642192072
0.125811368227005,0.1444559544324875,0.9484404921531677,0.9473684430122375,0.05141600219961507,0.935,0.09747198332030232
0.12862494587898254,0.14662513136863708,0.9463697671890259,0.9455142021179199,0.04950758583976577,0.93,0.09401061410159212
0.12495496869087219,0.1498926430940628,0.9437025189399719,0.9429153203964233,0.04735234215885947,0.93,0.09011627906976745
0.12010716646909714,0.1525910645723343,0.9421181082725525,0.9409699440002441,0.04608181370133071,0.935,0.08783466416157822
0.12292910367250443,0.1540447324514389,0.9415139555931091,0.9402100443840027,0.045742092457420926,0.94,0.08723897911832947
0.12649564445018768,0.15402615070343018,0.9421523213386536,0.9408331513404846,0.0462029982796756,0.94,0.08807683298196299
0.12663310766220093,0.14945009350776672,0.9442838430404663,0.9427937269210815,0.047715736040609136,0.94,0.09082125603864735
0.11683917790651321,0.14025826752185822,0.9471752643585205,0.9463501572608948,0.050728548300053966,0.94,0.09626216077828982
0.12029557675123215,0.13044877350330353,0.9505986571311951,0.9496481418609619,0.05362776025236593,0.935,0.10143748304854895
0.12246133387088776,0.12402492016553879,0.953433096408844,0.9525358080863953,0.056449165402124434,0.93,0.10643776824034334
0.12538935244083405,0.12421709299087524,0.9543183445930481,0.9533869028091431,0.05769824128355446,0.935,0.10868933449578612
0.1264050453901291,0.12373778223991394,0.9551010727882385,0.9543443918228149,0.058564231738035266,0.93,0.11018957345971564
0.12811768054962158,0.12060321867465973,0.956028163433075,0.9552107453346252,0.059351940968880336,0.925,0.1115465782333434
0.12556475400924683,0.11544711142778397,0.9576391577720642,0.9567761421203613,0.06108897742363878,0.92,0.11457036114570361
0.1281287968158722,0.11449689418077469,0.9582698941230774,0.9573080539703369,0.061512605042016805,0.915,0.11527559055118108
0.12746469676494598,0.11976443976163864,0.9568868279457092,0.9561530351638794,0.0599803343166175,0.915,0.11258074438634266
0.12509220838546753,0.12611210346221924,0.9553670287132263,0.9547395706176758,0.05820610687022901,0.915,0.10944976076555024
0.12520556151866913,0.1292940229177475,0.9541283845901489,0.9536452889442444,0.05745341614906832,0.925,0.10818713450292398
0.1296844482421875,0.12877942621707916,0.9534065127372742,0.9531285762786865,0.057125307125307126,0.93,0.1076388888888889
0.12316043674945831,0.12581105530261993,0.9534065127372742,0.9530221819877625,0.0567310640907697,0.925,0.10690551863623231
0.12327349185943604,0.1242220401763916,0.9540106058120728,0.9535996913909912,0.05739993794601303,0.925,0.10809231668127373
0.1233149841427803,0.12822329998016357,0.9532279372215271,0.952718198299408,0.05638524839987809,0.925,0.10629129560471129
0.12441892176866531,0.1341501921415329,0.9517270922660828,0.9513503909111023,0.0548798576090181,0.925,0.10361243349201904
0.12173948436975479,0.13482558727264404,0.9517651200294495,0.9512135982513428,0.05473372781065089,0.925,0.10335195530726257
0.11880946159362793,0.13261225819587708,0.9520614743232727,0.951259195804596,0.05451851851851852,0.92,0.10293706293706294
0.12042257189750671,0.13042451441287994,0.9527415633201599,0.9521558880805969,0.05548854041013269,0.92,0.10466439135381114
0.122838094830513,0.13331760466098785,0.9521336555480957,0.951487123966217,0.05476190476190476,0.92,0.10337078651685393
0.12127344310283661,0.13408850133419037,0.9516966938972473,0.951092004776001,0.054341405788541054,0.92,0.10262130507529281
0.12013249099254608,0.12692804634571075,0.9536116719245911,0.9531285762786865,0.056580565805658053,0.92,0.10660486674391656
0.1304992288351059,0.12069395929574966,0.9555000066757202,0.9548611640930176,0.058636073932441045,0.92,0.11024565608148591
0.12950977683067322,0.11901722103357315,0.9568222761154175,0.9557578563690186,0.05947351316217095,0.915,0.11168751907232224
0.12422192096710205,0.12219873070716858,0.9565525054931641,0.9555298686027527,0.05918499353169469,0.915,0.1111786148238153
0.12886573374271393,0.12729975581169128,0.9559711813926697,0.9546787738800049,0.058132147395171536,0.915,0.1093189964157706
0.12474784255027771,0.13338792324066162,0.9547514915466309,0.9535996913909912,0.05712511642347097,0.92,0.10757088570593394
0.11708701401948929,0.13384895026683807,0.9549263119697571,0.9536604881286621,0.05719614547715263,0.92,0.1076968100673105
0.12475921958684921,0.1293410211801529,0.9565486907958984,0.9552563428878784,0.05912596401028278,0.92,0.1111111111111111
0.11614508181810379,0.1259097456932068,0.9577645659446716,0.95651775598526,0.06074612083195774,0.92,0.11396717249922576
0.12121842056512833,0.11983583867549896,0.9595959186553955,0.9585239291191101,0.06321243523316063,0.915,0.11825525040387723
0.12244083732366562,0.11515075713396072,0.9611347317695618,0.9601045846939087,0.06525636428827537,0.91,0.12177985948477753
0.11575876176357269,0.112977996468544,0.9617388248443604,0.9606972932815552,0.06649709302325581,0.915,0.12398373983739837
0.11719943583011627,0.11353076994419098,0.9614197015762329,0.9604693055152893,0.06613661004698229,0.915,0.12335692618806876
0.12453832477331161,0.11455594748258591,0.9608231782913208,0.960089385509491,0.06554441260744985,0.915,0.12232620320855614
0.12273170799016953,0.11452790349721909,0.9607851505279541,0.9600133895874023,0.06480486931614751,0.905,0.12094888072168394
0.11654864996671677,0.11353811621665955,0.9608953595161438,0.959755003452301,0.06441281138790035,0.905,0.12026578073089701
0.13594135642051697,0.11556953191757202,0.960606575012207,0.9594966173171997,0.06371681415929203,0.9,0.11900826446280992
0.12367483228445053,0.11685191839933395,0.959915041923523,0.9587823152542114,0.06297842727905359,0.905,0.11776187378009109
0.12596537172794342,0.11658354103565216,0.9591779708862305,0.9578856229782104,0.06201022146507666,0.91,0.11610845295055822
0.11599578708410263,0.11592476069927216,0.958288848400116,0.9569889307022095,0.061081441922563415,0.915,0.11451814768460575
0.11859984695911407,0.11728321760892868,0.9572781920433044,0.9557578563690186,0.0597596622279961,0.92,0.11222933821286978
0.11919206380844116,0.11917119473218918,0.9568108320236206,0.9554994702339172,0.05971594577146546,0.925,0.11218920557913888
0.1239539310336113,0.12218062579631805,0.9560775756835938,0.9548003673553467,0.058842239185750635,0.925,0.11064593301435406
0.11905000358819962,0.12573301792144775,0.9555798172950745,0.9541772603988647,0.058362096015061184,0.93,0.10983170947741364
0.12330743670463562,0.12882015109062195,0.9541018009185791,0.9526422023773193,0.05656934306569343,0.93,0.106651376146789
0.12497076392173767,0.12870849668979645,0.9532886743545532,0.9515327215194702,0.05534067241892294,0.93,0.10446503791069925
0.11691489815711975,0.13150882720947266,0.9520424604415894,0.9502713084220886,0.05400696864111498,0.93,0.10208562019758508
0.129977747797966,0.15096108615398407,0.9460620284080505,0.9440248012542725,0.048717284270536405,0.94,0.09263365360926334
0.12069879472255707,0.16622640192508698,0.9408908486366272,0.9391461610794067,0.04541108986615679,0.95,0.08667883211678831
0.12079869210720062,0.16787679493427277,0.9396104216575623,0.9378390908241272,0.04449648711943794,0.95,0.08501118568232661
0.12742438912391663,0.15982013940811157,0.9417609572410583,0.9395869374275208,0.0457280385078219,0.95,0.08725602755453502
0.11556535959243774,0.14476962387561798,0.9461113810539246,0.9441463947296143,0.04905268621853102,0.945,0.09326424870466322
0.11912006884813309,0.13100698590278625,0.9503782391548157,0.9483411312103271,0.052336971732437725,0.935,0.09912536443148687
0.12628324329853058,0.1277691274881363,0.9516093134880066,0.9499521255493164,0.05393712143063167,0.935,0.10199072811562584
0.12763290107250214,0.12568055093288422,0.9522400498390198,0.9504536390304565,0.05419580419580419,0.93,0.10242290748898679
0.12832790613174438,0.11733678728342056,0.9545387625694275,0.9526270031929016,0.0557416996649406,0.915,0.10508182601205857
0.11831491440534592,0.11037949472665787,0.9566285014152527,0.9549219608306885,0.05842911877394636,0.915,0.10984393757503
0.1307981312274933,0.11143353581428528,0.9573237895965576,0.9557578563690186,0.05947351316217095,0.915,0.11168751907232224
0.12359952181577682,0.1184714287519455,0.9566208720207214,0.9551955461502075,0.05848329048843188,0.91,0.10990338164251208
0.12135995179414749,0.12419460713863373,0.9563359022140503,0.9549371600151062,0.05929231750079694,0.93,0.11147737488762362
0.12589584290981293,0.12309567630290985,0.9576923251152039,0.9564873576164246,0.060415978870914495,0.915,0.11334778569216475
0.12076687812805176,0.11651259660720825,0.9594249129295349,0.9583415389060974,0.06234929383396486,0.905,0.11666129552046407
0.12319333851337433,0.10822109133005142,0.9611384868621826,0.9600437879562378,0.0645392613840086,0.9,0.12044161927065908
0.10967852175235748,0.1006518080830574,0.9624455571174622,0.9609100818634033,0.06588579795021962,0.9,0.12278308321964529
0.12329114228487015,0.1014113649725914,0.9621188044548035,0.9605756998062134,0.06598984771573604,0.91,0.12305611899932387
0.12264876812696457,0.10906291753053665,0.9598428606987,0.9587367177009583,0.0638224072147069,0.92,0.11936425559519949
0.11920129507780075,0.11675804108381271,0.9575669765472412,0.9564113616943359,0.06118421052631579,0.93,0.11481481481481481
0.12604424357414246,0.12337648123502731,0.9550136923789978,0.9535996913909912,0.05767441860465116,0.93,0.10861313868613137
0.12496911734342575,0.1260860115289688,0.9531063437461853,0.9518671035766602,0.055705300988319856,0.93,0.1051144391070924
0.11348174512386322,0.1295567750930786,0.9513129591941833,0.949921727180481,0.053906024791006056,0.935,0.10193513218860725
0.12150507420301437,0.1387164145708084,0.9478477835655212,0.9465020895004272,0.05062263129399026,0.935,0.096045197740113
0.11395092308521271,0.14827777445316315,0.9448727369308472,0.943720817565918,0.04846609951018304,0.94,0.09217945574895808
0.11716277152299881,0.1576446145772934,0.9425056576728821,0.9412283301353455,0.04672435105067985,0.945,0.08904593639575971
0.12287069112062454,0.15752418339252472,0.9428552389144897,0.941471517086029,0.04690990320178704,0.945,0.08938283282099786
0.12187465280294418,0.151516392827034,0.9447245597839355,0.9435232877731323,0.0485362095531587,0.945,0.09233023937469467
0.12636160850524902,0.14139364659786224,0.9477452039718628,0.9466084837913513,0.05096232041203578,0.94,0.09668295191565955
0.12167903780937195,0.13099417090415955,0.9511039853096008,0.9498305320739746,0.05355600345522603,0.93,0.1012796079499047
0.12701405584812164,0.126490518450737,0.9530227184295654,0.9518671035766602,0.055705300988319856,0.93,0.1051144391070924
0.12001293897628784,0.12488432228565216,0.9541018009185791,0.9530677795410156,0.05705521472392638,0.93,0.10751445086705201
0.1155281662940979,0.12488318979740143,0.9546983242034912,0.9540708661079407,0.05823418910457107,0.93,0.10960518562168532
0.11286434531211853,0.12526696920394897,0.9553404450416565,0.954450786113739,0.058693594193751975,0.93,0.11041852181656278
0.1177397146821022,0.12301524728536606,0.9561991095542908,0.955225944519043,0.05908798972382787,0.92,0.11104405552202776
0.11049049347639084,0.11998246610164642,0.9574111700057983,0.9564721584320068,0.06068601583113457,0.92,0.11386138613861387
0.11200131475925446,0.11759049445390701,0.9586726427078247,0.957581639289856,0.06218316998986144,0.92,0.1164925609370054
0.11739930510520935,0.11615458875894547,0.9596149325370789,0.9585087299346924,0.06349206349206349,0.92,0.11878631375080696
0.11449210345745087,0.11223087459802628,0.9607661366462708,0.9597246050834656,0.06529453513129879,0.92,0.1219350563286945
0.12024496495723724,0.10831566154956818,0.9621074199676514,0.9607884883880615,0.0663265306122449,0.91,0.1236413043478261
0.11738467961549759,0.1060338094830513,0.962578535079956,0.9614723920822144,0.06743238236383846,0.91,0.12556053811659193
0.11237587779760361,0.10535543411970139,0.9623581767082214,0.9615635871887207,0.0675826216115856,0.91,0.1258209471137228
0.1220979243516922,0.11100201308727264,0.9606407880783081,0.9596334099769592,0.06453900709219858,0.91,0.1205298013245033
0.11480246484279633,0.11823957413434982,0.9588170051574707,0.9577944278717041,0.06247877758913412,0.92,0.11701112877583465
0.1230401024222374,0.12567900121212006,0.9570996165275574,0.9560010433197021,0.06007182500816193,0.92,0.11277965062825622
0.11264794319868088,0.12540404498577118,0.95703125,0.9561986327171326,0.060039370078740155,0.915,0.1126847290640394
0.10810817778110504,0.11862657219171524,0.9583116769790649,0.9574448466300964,0.06199460916442048,0.92,0.11616161616161616
0.12120943516492844,0.10999415814876556,0.9602228403091431,0.959481418132782,0.0646186440677966,0.915,0.12071240105540895
0.10970443487167358,0.10393527895212173,0.961719810962677,0.9607884883880615,0.06664238892935179,0.915,0.12423625254582485
0.11340219527482986,0.09725268185138702,0.9637221693992615,0.9626426696777344,0.06941266209000763,0.91,0.12898653437278526
0.12059278786182404,0.09366215765476227,0.9646758437156677,0.9634025692939758,0.07042801556420233,0.905,0.13068592057761733
0.11020394414663315,0.09066975116729736,0.9655611515045166,0.9642688632011414,0.07202546756864306,0.905,0.13343162550681903
0.11472244560718536,0.0911269411444664,0.9654965400695801,0.9643296599388123,0.07179896290386917,0.9,0.1329885482083487
0.11663195490837097,0.09417762607336044,0.9647328853607178,0.9638585448265076,0.07092198581560284,0.9,0.1314828341855369
0.11311545222997665,0.09732192009687424,0.963931143283844,0.9630530476570129,0.06980331662167373,0.905,0.129609738632295
